Workbook

Sheet Prestadores
A1: ID | B1: Nome | C1: WhatsApp | D1: Categoria | E1: Condomínios Atende | F1: Status | G1: Data Cadastro | H1: Notas
A2: 1 | B2: João Silva | C2: 11999887766 | D2: Encanaria | E2: Condomínio A; Condomínio B | F2: Ativo | G2: 2026-01-15 | H2: Recomendado por você
A3: 2 | B3: Maria Santos | C3: 11988776655 | D3: Eletricista | E3: Condomínio A | F3: Ativo | G3: 2026-02-01
A4: 3 | B4: Carlos Oliveira | C4: 11977665544 | D4: Limpeza | E4: Condomínio B; Condomínio C | F4: Ativo | G4: 2026-02-10

Sheet Categorias
A1: ID | B1: Categoria | C1: Descrição
A2: 1 | B2: Encanaria | C2: Consertos hidráulicos, tubulação
A3: 2 | B3: Eletricista | C3: Instalação e consertos elétricos
A4: 3 | B4: Limpeza | C4: Limpeza residencial e comercial
A5: 4 | B5: Pintura | C5: Pintura de imóveis
A6: 5 | B6: Manutenção | C6: Manutenção geral

Sheet Condomínios
A1: ID | B1: Nome Condomínio | C1: Cidade
A2: 1 | B2: Condomínio A | C2: Vargem Grande Paulista
A3: 2 | B3: Condomínio B | C3: Vargem Grande Paulista
A4: 3 | B4: Condomínio C | C4: Cotia

Sheet Feedback
A1: ID | B1: Data | C1: Prestador ID | D1: Prestador Nome | E1: Condomínio | F1: Categoria | G1: Qualidade (1-5) | H1: Material: Estimativa | I1: Prazo: Manteve? | J1: Custo: Manteve? | K1: Observações | L1: Seu Feedback?
A2: 1 | B2: 2026-02-15 | C2: 1 | D2: João Silva | E2: Condomínio A | F2: Encanaria | G2: 5 | H2: Acertou | I2: Sim | J2: Sim | K2: Serviço excelente, material estimado corretamente | L2: Sim
A3: 2 | B3: 2026-02-18 | C3: 2 | D3: Maria Santos | E3: Condomínio A | F3: Eletricista | G3: 4 | H3: Subestimou 25% | I3: Sim | J3: Não | K3: Bom trabalho, mas precisou de mais material, custo +R$200 | L3: Não
A4: 3 | B4: 2026-02-20 | C4: 1 | D4: João Silva | E4: Condomínio B | F4: Encanaria | G4: 4 | H4: Acertou | I4: Sim | J4: Sim | K4: Resolveu rápido, material bem estimado | L4: Sim
A5: 4 | B5: 2026-02-22 | C5: 3 | D5: Carlos Oliveira | E5: Condomínio B | F5: Limpeza | G5: 3 | H5: Subestimou 50% | I5: Não | J5: Não | K5: Inicialmente subestimou material em 50%, atraso de 2 dias, custo extra de R$150 | L5: Sim
A14: LEGENDA - Coluna "Material: Estimativa"
A15: Acertou | B15: Material estimado corretamente, sem surpresas
A16: Subestimou 10-25% | B16: Precisou de um pouco mais de material
A17: Subestimou 25-50% | B17: Precisou de significativamente mais material
A18: Subestimou >50% | B18: Precisou de muito mais material (problema sério)
A20: COMO PREENCHER
A21: • Qualidade: Escala 1-5 (qualidade geral do serviço)
A22: • Material: Use valores da legenda (Acertou / Subestimou X%)
A23: • Prazo: "Sim" entregou no prazo, "Não" atrasou
A24: • Custo: "Sim" manteve valor, "Não" teve variação
A25: • Observações: Detalhes (dias de atraso, custo extra, etc)
A26: • Seu Feedback: "Sim" se vivenciou; "Não" se é feedback de cliente

Sheet Ranking
A1: Prestador | B1: Categoria | C1: Condomínio | D1: Qtd Feedbacks | E1: Qualidade Média | F1: Material Acertou % | G1: Prazo Cumprido % | H1: Custo Mantido % | I1: Score Material | J1: Score Prazo | K1: Score Custo | L1: Score Qualidade | M1: SCORE FINAL | N1: Posição
A2: João Silva | B2: Encanaria | C2: Condomínio A | D2: =IFERROR(COUNTIFS(Feedback!$D:$D,A2,Feedback!$E:$E,C2),0) -> 1 | E2: =IFERROR(AVERAGEIFS(Feedback!$G:$G,Feedback!$D:$D,A2,Feedback!$E:$E,C2),"-") -> 5 | F2: =IFERROR(IF(D2=0,"-",COUNTIFS(Feedback!$D:$D,A2,Feedback!$E:$E,C2,Feedback!$H:$H,"Acertou")/D2),"-") -> 1 | G2: =IFERROR(IF(D2=0,"-",COUNTIFS(Feedback!$D:$D,A2,Feedback!$E:$E,C2,Feedback!$I:$I,"Sim")/D2),"-") -> 1 | H2: =IFERROR(IF(D2=0,"-",COUNTIFS(Feedback!$D:$D,A2,Feedback!$E:$E,C2,Feedback!$J:$J,"Sim")/D2),"-") -> 1 | I2: =IFERROR(IF(ISNUMBER(F2),F2*2,0),0) -> 2 | J2: =IFERROR(IF(ISNUMBER(G2),G2*1.5,0),0) -> 1.5 | K2: =IFERROR(IF(ISNUMBER(H2),H2*1.5,0),0) -> 1.5 | L2: =IFERROR(IF(ISNUMBER(E2),E2,0),0) -> 5 | M2: =I2+J2+K2+L2 -> 10 | N2: =IFERROR(RANK(M2,$M$2:$M$100,0),"-") -> 1
A3: Maria Santos | B3: Eletricista | C3: Condomínio A | D3: =IFERROR(COUNTIFS(Feedback!$D:$D,A3,Feedback!$E:$E,C3),0) -> 1 | E3: =IFERROR(AVERAGEIFS(Feedback!$G:$G,Feedback!$D:$D,A3,Feedback!$E:$E,C3),"-") -> 4 | F3: =IFERROR(IF(D3=0,"-",COUNTIFS(Feedback!$D:$D,A3,Feedback!$E:$E,C3,Feedback!$H:$H,"Acertou")/D3),"-") -> 0 | G3: =IFERROR(IF(D3=0,"-",COUNTIFS(Feedback!$D:$D,A3,Feedback!$E:$E,C3,Feedback!$I:$I,"Sim")/D3),"-") -> 1 | H3: =IFERROR(IF(D3=0,"-",COUNTIFS(Feedback!$D:$D,A3,Feedback!$E:$E,C3,Feedback!$J:$J,"Sim")/D3),"-") -> 0 | I3: =IFERROR(IF(ISNUMBER(F3),F3*2,0),0) -> 0 | J3: =IFERROR(IF(ISNUMBER(G3),G3*1.5,0),0) -> 1.5 | K3: =IFERROR(IF(ISNUMBER(H3),H3*1.5,0),0) -> 0 | L3: =IFERROR(IF(ISNUMBER(E3),E3,0),0) -> 4 | M3: =I3+J3+K3+L3 -> 5.5 | N3: =IFERROR(RANK(M3,$M$2:$M$100,0),"-") -> 2
A4: Carlos Oliveira | B4: Limpeza | C4: Condomínio B | D4: =IFERROR(COUNTIFS(Feedback!$D:$D,A4,Feedback!$E:$E,C4),0) -> 1 | E4: =IFERROR(AVERAGEIFS(Feedback!$G:$G,Feedback!$D:$D,A4,Feedback!$E:$E,C4),"-") -> 3 | F4: =IFERROR(IF(D4=0,"-",COUNTIFS(Feedback!$D:$D,A4,Feedback!$E:$E,C4,Feedback!$H:$H,"Acertou")/D4),"-") -> 0 | G4: =IFERROR(IF(D4=0,"-",COUNTIFS(Feedback!$D:$D,A4,Feedback!$E:$E,C4,Feedback!$I:$I,"Sim")/D4),"-") -> 0 | H4: =IFERROR(IF(D4=0,"-",COUNTIFS(Feedback!$D:$D,A4,Feedback!$E:$E,C4,Feedback!$J:$J,"Sim")/D4),"-") -> 0 | I4: =IFERROR(IF(ISNUMBER(F4),F4*2,0),0) -> 0 | J4: =IFERROR(IF(ISNUMBER(G4),G4*1.5,0),0) -> 0 | K4: =IFERROR(IF(ISNUMBER(H4),H4*1.5,0),0) -> 0 | L4: =IFERROR(IF(ISNUMBER(E4),E4,0),0) -> 3 | M4: =I4+J4+K4+L4 -> 3 | N4: =IFERROR(RANK(M4,$M$2:$M$100,0),"-") -> 3
A17: FÓRMULA DO SCORE FINAL
A18: • Score Material: % de feedbacks com "Acertou" × 2 pontos
A19: • Score Prazo: % de feedbacks com "Sim" em Prazo × 1.5 pontos
A20: • Score Custo: % de feedbacks com "Sim" em Custo × 1.5 pontos
A21: • Score Qualidade: Média das notas (1-5) × 1 ponto
A22: • SCORE FINAL: Soma de todos os scores (máximo: ~10 pontos)
A24: Interpretação:
A25: • Score > 8: Excelente (confiável em tudo)
A26: • Score 6-8: Bom (seguro, poucos problemas)
A27: • Score 4-6: Regular (alguns riscos)
A28: • Score < 4: Risco (muitos problemas)

Sheet Guia
A1: COMO USAR ESTE MODELO
A3: 1. PRESTADORES
A4: • Preencha a lista de prestadores que você já usa ou vai cadastrar
A5: • WhatsApp: número completo (ex: 11999887766)
A6: • Categoria: escolha entre as opções em "Categorias"
A7: • Status: Ativo ou Inativo
A9: 2. FEEDBACK
A10: • Preencha com feedbacks que você recebe (de usuários e seu próprio)
A11: • Nota: escala 1-5 (5 = excelente)
A12: • "Seu Feedback?": marque "Sim" se você foi quem usou o serviço
A14: 3. RANKING
A15: • Calcula automaticamente: nota média, quantidade de feedbacks, seu score
... A22: • Ordenação: Score Final (maior primeiro)
